Entity,Code,Year,co-emissions-per-capita,gdp-per-capita-worldbank,live-expectancy,long-run-air-pollution,total-healthcare-expenditure-gdp,unemployement-rate,co-emissions-per-capita_normalized,gdp-per-capita-worldbank_normalized,live-expectancy_normalized,long-run-air-pollution_normalized,total-healthcare-expenditure-gdp_normalized,unemployement-rate_normalized,social_score,environmental_score,economic_score,sustainability_index
Afghanistan,AFG,2024.0,0.25384834,1983.8126,66.0346,390734.4,23.08817,13.295,99.52005934160266,1.862883246868257,36.90266718061052,98.15695799273031,100.0,61.961516017972805,68.45133359030527,98.83850866716648,31.91219963242053,66.4006806299641
Albania,ALB,2024.0,1.5919901,18919.807,79.6019,20383.883,6.19368,10.25,96.30595934369273,14.590535955411601,78.99475401205261,99.90385194484982,21.36737282497958,70.75695862753108,50.181063418516096,98.10490564427127,42.67374729147134,63.653238784752894
Algeria,DZA,2024.0,4.233817,15442.124,76.261,576903.6,3.62304,11.427,89.96052114903661,11.97700524626085,68.62972538475279,97.27882272729222,9.4027514175743,67.35720954659509,39.01623840116355,93.61967193816442,39.667107396427966,57.43433924525198
American Samoa,,,,,72.8518,497.73514,,,,,58.05279833030921,99.99765224978523,,,58.05279833030921,99.99765224978523,,79.02522529004722
Andorra,AND,2024.0,5.1816607,65928.305,84.0406,,7.53679,,87.68388310869257,49.91812421289556,92.7656698036045,,27.618657586167497,,60.192163694886,87.68388310869257,49.91812421289556,65.93139033882471
Angola,AGO,2024.0,0.5894967,7344.1455,64.617,183271.23,2.92738,14.464,98.71386120518514,5.891253470784898,32.50461139263119,99.1355340722138,6.16491627602373,58.58487483223434,19.33476383432746,98.92469763869947,32.23806415150962,50.16584187484551
Anguilla,AIA,2024.0,10.126855,,79.3115,,,,75.8059569693169,,78.09379788844284,,,,78.09379788844284,75.8059569693169,,76.94987742887986
Antigua and Barbuda,ATG,2024.0,7.092406,29561.807,77.5976,7619.931,5.72999,,83.0944392632689,22.588157879773966,72.7764814275104,99.9640578026263,19.209203925250428,,45.99284267638042,91.5292485329476,22.588157879773966,53.37008302970067
Argentina,ARG,2024.0,3.7434063,26547.05,77.3947,1204697.6,9.86305,7.876,91.13844495125394,20.322522972818042,72.14699107805993,94.31760223093492,38.445852446276504,77.61422652739685,55.296421762168215,92.72802359109443,48.968374750107444,65.66427336779003
Armenia,ARM,2024.0,2.498691,20078.785,75.6827,25031.814,9.96213,13.329,94.12814272671868,15.461525230233404,66.83556930250923,99.88192827475605,38.90700402294446,61.86330746338332,52.871286662726845,97.00503550073736,38.662416346808364,62.84624617009086
Aruba,ABW,2024.0,8.518487,40516.81,76.353,8525.112,,,79.66911686759134,30.821006232927083,68.91515225586882,99.95978818467819,,,68.91515225586882,89.81445252613477,30.821006232927083,63.1835370049769
Australia,AUS,2024.0,14.477199,60082.004,83.9228,1044802.4,9.92688,4.072,65.35680945798936,45.52454170453045,92.40019930993634,95.07180654558137,38.74293869111619,88.60203069382038,65.57156900052627,80.21430800178535,67.06328619917542,70.94972106716234
Austria,AUT,2024.0,6.180112,63314.46,81.9559,118744.805,11.15729,5.439,85.28569001946175,47.95378066103643,86.29795895343482,99.43989660557133,44.469679824019096,84.65346910194316,65.38381938872695,92.36279331251654,66.3036248814898,74.68341252757777
Azerbaijan,AZE,2024.0,3.8533201,22072.105,74.4286,107836.82,3.97841,5.594,90.87444157365196,16.959534977862607,62.94476670395895,99.49134811475422,11.056762679186045,84.20575363249111,37.0007646915725,95.18289484420309,50.582644305176856,60.922101280317484
Bahamas,BHS,2024.0,7.64968,36244.035,74.5518,28783.98,7.21692,8.463,81.75591563611951,27.609952012116395,63.326990513975204,99.86422980859527,26.129875240297707,75.91868471727841,44.728432877136456,90.81007272235739,51.7643183646974,62.434274654730416
Bahrain,BHR,2024.0,24.270082,59129.14,81.2835,61971.336,3.83745,1.102,41.835157140799794,44.80845017875187,84.2118608214954,99.70768948038713,10.400687525299135,97.18083678590185,47.30627417339727,70.77142331059346,70.99464348232686,63.0241136554392
Bangladesh,BGD,2024.0,0.6240862,8486.785,74.6723,1064385.6,2.39039,4.68,98.63078023783105,6.749964118862557,63.70083766581743,94.9794352052623,3.6655845728048577,86.84583065880842,33.683211119311146,96.80510772154668,46.797897388835494,59.09540540989777
Barbados,BRB,2024.0,4.8328743,19945.736,76.1782,17001.39,6.29389,7.529,88.52163767328445,15.361536919820468,68.37284120074837,99.91980671281573,21.833783800937354,78.61653148158955,45.10331250084286,94.22072219305008,46.98903420070501,62.10435629819932
Belarus,BLR,2024.0,6.163221,29037.53,74.4339,152752.47,6.6592,3.361,85.32626073079258,22.19415588488213,62.961209773708,99.27948698930986,23.534059158956843,90.65574487950049,43.24763446633242,92.30287386005122,56.42495038219131,63.99181956952498
Belgium,BEL,2024.0,7.2798314,63083.184,82.115,750371.0,10.76192,5.488,82.64425977126331,47.77997329323162,86.79156129250613,96.46060015694302,42.62949513621924,84.51193324385832,64.71052821436268,89.55242996410317,66.14595326854497,73.46963714900362
Belize,BLZ,2024.0,1.9085852,13277.936,73.5656,7407.602,4.23174,7.0,95.54552547886193,10.350585644941367,60.26733855425086,99.96505933017637,12.235845530591913,80.14454105152595,36.251592042421386,97.75529240451915,45.247563348233655,59.7514825983914
Benin,BEN,2024.0,0.4194466,3901.326,60.7738,60139.723,2.67981,1.722,99.12230673942703,3.3039232025249587,20.58121409835758,99.71632895441363,5.01264239798895,95.38997490809359,12.796928248173266,99.41931784692034,49.346949055309274,53.85439838346762
Bermuda,BMU,2024.0,8.506047,105322.914,82.3089,8714.704,,,79.69899666446278,79.52376118339762,87.39312944804308,99.95889390452204,,,87.39312944804308,89.82894528449242,79.52376118339762,85.58194530531104
Bhutan,BTN,2024.0,2.0939395,14645.266,72.9753,20018.916,4.38546,2.856,95.10032058872937,11.378154559228003,58.43595288012261,99.90557344547088,12.95131000743283,92.11443076384431,35.69363144377772,97.50294701710013,51.74629266153616,61.64762370747133
Bolivia,BOL,2024.0,2.3127308,9844.276,68.5814,122818.18,8.43143,3.091,94.57480293589661,7.7701388777165885,44.80402756494026,99.42068303943444,31.782612436290844,91.43563634241698,38.29332000061555,96.99774298766553,49.60288761006679,61.63131686611596
Bonaire Sint Eustatius and Saba,BES,2024.0,4.947458,,77.4355,,,,88.2464176024823,,72.27357169046792,,,,72.27357169046792,88.2464176024823,,80.2599946464751
Bosnia and Herzegovina,BIH,2024.0,6.1391783,20428.525,77.8504,39261.566,8.71645,10.723,85.38400920283769,15.724360063143244,73.56078482988143,99.8148084340432,33.10919118459424,69.39070432397736,53.33498800723783,92.59940881844045,42.557532193560306,62.830643006412856
Botswana,BWA,2024.0,2.9596071,18068.506,69.1631,42942.098,5.72839,23.138,93.02106238565926,13.950770540843699,46.60873203155114,99.7974478558983,19.201756988202902,33.530139464316974,32.90524450987702,96.40925512077878,23.740455002580337,51.018318211078714
Brazil,BRA,2024.0,2.2783718,19647.91,75.8482,2825221.0,9.14277,7.634,94.65733026231992,15.137716233178374,67.3490274239191,86.67380967014809,35.09342756090715,78.31324035712201,51.22122749241312,90.665569966234,46.7254782951502,62.87075858459911
British Virgin Islands,VGB,2024.0,4.873842,,77.2758,2095.4548,,,88.42323682486882,,71.77810787180236,99.99011601942206,,,71.77810787180236,94.20667642214545,,82.99239214697391
Brunei,BRN,2024.0,26.046202,79184.09,75.3266,11076.574,1.81768,5.144,37.569071544391996,59.88004459822104,65.73078116333073,99.94775327900837,1.0,85.50557273735193,33.365390581665366,68.75841241170018,72.69280866778648,58.27220388705067
Bulgaria,BGR,2024.0,4.6793866,34083.234,75.6363,90824.02,7.66358,4.104,88.89030176478488,25.98607779187732,66.69161488055508,99.57159522138542,28.208780803827267,88.50959911303029,47.45019784219117,94.23094849308515,57.247838452453806,66.30966159591004
Burkina Faso,BFA,2024.0,0.27634817,2547.9326,61.092,66535.76,6.77182,5.166,99.46601670896263,2.28682785126323,21.56841877650023,99.68615970166535,24.058230440389472,85.44202602555873,22.81332460844485,99.576088205314,43.86442693841098,55.41794658405661
Burundi,BDI,2024.0,0.065253265,835.62085,63.6511,13273.666,8.39523,0.902,99.97304829111674,1.0,29.507939492511774,99.93738988932516,31.61412548559059,97.75853416583999,30.561032489051183,99.95521909022095,49.379267082919995,59.96517288739738
Cambodia,KHM,2024.0,1.2405994,7011.5815,70.6675,193897.23,4.7109,0.27,97.14996921013288,5.641326658376174,51.27608186749651,99.0854126486349,14.466017002899319,99.58405788644454,32.87104943519791,98.11769092938388,52.61269227241036,61.20047754566405
Cameroon,CMR,2024.0,0.33071235,4919.1416,63.6996,68676.305,4.47836,3.518,99.33543868199456,4.068826825670799,29.658409093045766,99.6760630366329,13.383697789754725,90.20225243624905,21.521053441400245,99.50575085931374,47.135539630959926,56.054114643891296
Canada,CAN,2024.0,13.419917,56691.906,82.6302,1405764.1,11.23433,6.45,67.89630876633633,42.97683243084722,88.38995177075599,93.36919838997623,44.8282498428574,81.73320884635584,66.6091008068067,80.63275357815628,62.35502063860153,69.86562500785483
Cape Verde,CPV,2024.0,1.1312839,9907.589,76.0587,16203.997,6.6744,11.878,97.41253552322777,7.817719542713503,68.00209651489654,99.923567909156,23.604805060908326,66.05450195483456,45.803450787902435,98.66805171619188,36.936110748774034,60.469204417622784
Cayman Islands,,,,78109.35,80.3576,6896.708,,,,59.07236143838369,81.33928756099168,99.96746914897723,,,81.33928756099168,99.96746914897723,59.07236143838369,80.12637271611753
Central African Republic,CAF,2024.0,0.07403937,1111.6533,57.4077,13356.241,9.95509,5.899,99.9519448318972,1.2074425083589042,10.13800332809988,99.93700039407275,38.874237499935354,83.32476512808543,24.506120414017616,99.94447261298498,42.26610381822217,55.572232281741584
Chad,TCD,2024.0,0.13948385,2605.7717,55.0692,44195.484,4.5255,1.088,99.79475288907103,2.3302947986646005,2.8828866095687666,99.79153580144565,13.603103172517416,97.22127560249751,8.242994891043091,99.79314434525834,49.775785200581055,52.60397481229416
Chile,CHL,2024.0,3.983124,30182.787,81.1667,440221.28,10.06173,9.056,90.5626639076454,23.05483362329873,83.84949279381765,97.92353498557068,39.37057585415287,74.20581198576181,61.61003432398526,94.24309944660804,48.63032280453027,68.16115219170786
China,CHN,2024.0,8.65839,23845.62,77.9529,20988510.0,5.36949,4.571,79.33308204269537,18.292357985491392,73.8787875938966,1.0,17.531315921730055,87.16067573087471,45.70505175781333,40.16654102134768,52.726516858183054,46.19936987911469
Colombia,COL,2024.0,1.752047,18503.67,77.7246,550464.44,7.57361,9.608,95.9215166057608,14.277802785449337,73.17049460829016,97.40353271575734,27.790030224973655,72.61136721713251,50.4802624166319,96.66252466075906,43.444585001290925,63.529124026227294
Comoros,COM,2024.0,0.6365447,3567.514,66.7768,2934.8113,8.38039,3.875,98.60085600557036,3.0530584994789853,39.20531743867927,99.9861568868538,31.54505514447481,89.17106261305946,35.37518629157704,99.29350644621209,46.11206055626922,60.260251098019445
Congo,COG,2024.0,1.3958335,6181.4707,65.772,28421.744,2.19225,19.694,96.77711041788837,5.017485995556217,36.08795961153367,99.86593842745388,2.743374506182039,43.47808834685185,19.415667058857853,98.32152442267113,24.24778717120403,47.328326217577676
Cook Islands,COK,2024.0,5.8242183,,75.2818,616.50714,5.74317,,86.14051569983373,,65.5917906869612,99.99709201811562,19.270548069179412,,42.43116937807031,93.06880385897468,,67.74998661852248
Costa Rica,CRI,2024.0,1.7077205,26973.436,80.7995,79120.68,7.18368,7.848,96.02798499933171,20.642958419335727,82.71026728214576,99.62679831393463,25.975165123135383,77.6951041605882,54.342716202640574,97.82739165663317,49.169031289961964,67.11304638307857
Cote d'Ivoire,CIV,2024.0,0.46434766,6733.154,61.9438,80309.51,3.64241,2.288,99.01445830276202,5.432084234175329,24.21109930711594,99.62119076151666,9.492905899205894,93.75509132286865,16.85200260316092,99.31782453213934,49.59358777852199,55.25447163794075
Croatia,HRV,2024.0,4.764723,42631.316,78.5803,47765.926,7.21545,5.236,88.68533116207263,32.41008906931083,75.82527475626837,99.7746945031353,26.123033366885288,85.23983194258038,50.974154061576826,94.23001283260396,58.824960505945604,68.00970913337547
Cuba,CUB,2024.0,2.225931,,78.0855,136600.3,11.78683,1.53,94.78328849799324,,74.29017458422254,99.35567461911303,47.39977029208072,95.94456439283422,60.84497243815163,97.06948155855314,95.94456439283422,84.619672796513
Curacao,CUW,2024.0,12.344206,27675.572,76.7996,138315.97,,,70.48007292810323,21.170624108819293,70.3007135671778,99.34758203274077,,,70.3007135671778,84.913827480422,21.170624108819293,58.795055052139695
Cyprus,CYP,2024.0,5.373922,53252.46,81.648,31550.178,8.87061,5.602,87.22208820594014,40.39203739821608,85.34270967499317,99.85118202187769,33.826703569123225,84.18264573729357,59.5847066220582,93.53663511390891,62.28734156775482,71.80289443457399
Czechia,CZE,2024.0,7.043965,47961.81,79.8341,148566.81,8.79905,2.506,83.21079032759765,36.41603491427249,79.7151466150216,99.2992301888033,33.49363930967269,93.12540117873607,56.60439296234714,91.25501025820049,64.77071804650427,70.8767070890173
Democratic Republic of Congo,COD,2024.0,0.05403233,1504.1438,61.895,82418.01,3.78615,4.556,100.0,1.5024049804415904,24.059698966784822,99.61124524847166,10.16192010621288,87.20400303437007,17.110809536498852,99.80562262423584,44.353204007405836,53.75654538938017
Denmark,DNK,2024.0,4.746057,73709.0,81.9328,111132.54,9.47586,5.587,88.73016526885738,55.76543269990709,86.22629198905676,99.47580264344634,36.64374022413212,84.22597304078894,61.43501610659444,94.10298395615186,69.99570287034801,75.17790097769812
Djibouti,DJI,2024.0,0.48264864,6841.1665,65.9865,16260.16,2.49675,25.875,98.97050094223563,5.513257240950858,36.75343856647271,99.92330299578198,4.1606197130390505,25.62435081986345,20.457029139755882,99.4469019690088,15.568804030407154,45.15757837972395
Dominica,DMA,2024.0,2.5799234,18739.363,71.1325,1909.8628,6.3197,,93.93302957467847,14.454929594716276,52.718728553028654,99.99099143211214,21.95391220418523,,37.33632037860694,96.9620105033953,14.454929594716276,49.58442015890617
Dominican Republic,DOM,2024.0,2.8992038,24229.469,73.7201,218351.72,4.57255,5.473,93.16614585305194,18.580826241274572,60.74666954976638,98.97006408363433,13.822089665071182,84.55526054735368,37.284379607418785,96.06810496834314,51.56804339431413,61.64017599002536
East Timor,TLS,2024.0,0.47700548,4186.215,67.6894,4998.838,14.32455,1.603,98.98405532121578,3.518021540469863,42.03662790151083,99.97642114842836,59.21117096973318,95.7337048491568,50.62389943562201,99.48023823482207,49.62586319481333,66.5766669550858
Ecuador,ECU,2024.0,2.535337,13935.539,77.3924,341154.8,7.53457,4.773,94.04012222542036,10.844784119882775,72.13985540628201,98.39081834775313,27.60832496101406,86.57720137713719,49.874090183648036,96.21547028658674,48.71099274850998,64.93351773958159
Egypt,EGY,2024.0,2.2170217,16798.152,71.6335,880079.44,4.70438,7.198,94.80468786087643,12.996080538766886,54.27306401421493,95.84878275970996,14.435670734430655,79.57262064538718,34.35436737432279,95.3267353102932,46.28435059207703,58.655151092231016
El Salvador,SLV,2024.0,1.4155904,11669.082,72.0993,62838.598,9.8408,2.839,96.72965606428632,9.141507837809428,55.71819267253941,99.70359872130037,38.34229347795937,92.16353504113906,47.03024307524939,98.21662739279334,50.65252143947424,65.29979730250567
Equatorial Guinea,GNQ,2024.0,3.704236,15454.429,63.7071,23409.768,2.9135,7.823,91.23252860136597,11.986252637519943,29.68167758797371,99.88957924921779,6.1003140971364544,77.76731633308047,17.890995842555082,95.56105392529187,44.876784485300206,52.77627808438239
Eritrea,ERI,2024.0,0.21004777,,68.6239,17145.137,3.87448,5.553,99.62526449710536,,44.935882369531924,99.91912867740493,10.57303757459278,84.32418159537842,27.754459972062353,99.77219658725514,84.32418159537842,70.61694605156531
Estonia,EST,2024.0,6.105464,41546.12,79.1535,42446.867,6.98701,7.828,85.46498801599388,31.594548069326773,77.60360826196093,99.79978379441894,25.059796929924975,77.75287389858201,51.33170259594295,92.6323859052064,54.67371098395439,66.21259982836791
Eswatini,SWZ,2024.0,0.8405372,10367.269,64.1227,10763.91,7.22266,34.4,98.11088378183254,8.163175927433564,30.971062453580515,99.94922807336013,26.1565911269557,1.0,28.56382679026811,99.03005592759634,4.581587963716782,44.058490227193744
Ethiopia,ETH,2024.0,0.13506985,2884.2646,67.315,242659.48,2.85275,3.398,99.80535493275195,2.53958637194211,40.87506463470813,98.85540762445738,5.817563206113258,90.54887086421193,23.346313920410694,99.33038127860468,46.54422861807702,56.406974605697464
Falkland Islands,,,,,79.2132,643.9917,,,,,77.78882548158734,99.99696237711491,,,77.78882548158734,99.99696237711491,,88.89289392935112
Faroe Islands,FRO,2024.0,13.089157,70428.96,80.1792,21.694094,,,68.69076548765462,53.30043365679626,80.78580762830576,99.99989767185446,,,80.78580762830576,84.34533157975454,53.30043365679626,72.81052428828552
Fiji,FJI,2024.0,1.5561111,14104.443,67.3157,20981.951,4.0091,4.307,96.39213757777237,10.97171799824328,40.877236360901435,99.90103093792746,11.199604240428874,87.92323627239307,26.038420300665155,98.14658425784992,49.447477135318174,57.87749389794442
Finland,FIN,2024.0,5.300579,55628.68,81.9102,125339.12,9.65892,8.26,87.39825170609629,42.17780221395639,86.15617625767392,99.40879210196437,37.49576290908202,76.50504755791562,61.82596958337797,93.40352190403033,59.34142488593601,71.52363879111476
France,FRA,2024.0,3.969368,54464.98,83.3253,820687.7,11.8819,7.37,90.59570462193508,41.30326428561769,90.54647588067728,96.1289256693305,47.84225798277331,79.07580089864037,69.1943669317253,93.36231514563279,60.18953259212903,74.24873822316238
French Guiana,,,,,76.9781,8093.704,,,,,70.85450374646271,99.9618230786273,,,70.85450374646271,99.9618230786273,,85.40816341254501
French Polynesia,PYF,2024.0,3.2747147,,84.0698,7922.655,,11.75,92.2642013663145,,92.85626181052395,99.96262989392768,,66.42422827799498,92.85626181052395,96.1134156301211,66.42422827799498,85.13130190621335
Gabon,GAB,2024.0,2.126386,18923.09,68.3367,51340.74,2.85592,20.061,95.02238692078811,14.593003178938915,44.04485413709138,99.75783258268453,5.832317450138665,42.418013654665344,24.938585793615022,97.39010975173632,28.50550841680213,50.278067987384496
Gambia,GMB,2024.0,0.29086024,3030.974,65.8603,9139.489,3.55907,6.496,99.43115998036261,2.64984067695527,36.36190735848523,99.95689025037986,9.105013565742961,81.60033844897006,22.733460462114095,99.69402511537123,42.125089562962664,54.85085838014933
Georgia,GEO,2024.0,3.0948753,25000.633,74.4965,47975.848,7.2557,11.48,92.69615994681953,19.160367503601105,63.15542414470653,99.77370432908292,26.310370376987084,67.20411974091147,44.732897260846805,96.23493213795123,43.18224362225629,61.38335767368478
Germany,DEU,2024.0,6.7688236,62829.797,81.3777,986641.6,12.60513,3.406,83.87165601432798,47.589549178727914,84.50411311779031,95.34614327553504,51.20841315832405,90.52576296901441,67.85626313805719,89.60889964493151,69.05765607387116,75.50760628561996
Ghana,GHA,2024.0,0.6106143,7061.934,65.4979,132088.42,3.69936,3.007,98.6631385686568,5.679167314074958,35.23757368356728,99.3769565548007,9.75797031474122,91.67826924199102,22.49777199915425,99.02004756172875,48.67871827803299,56.732179279638665
Gibraltar,,,,,83.553,333826.66,,,,,91.25290738668947,98.42538420592982,,,91.25290738668947,98.42538420592982,,94.83914579630965
Greece,GRC,2024.0,5.310692,37752.633,81.8568,349501.3,8.49984,10.133,87.37396116061711,28.74368593805599,85.990504573787,98.35144902139314,32.10101553842907,71.0949115947949,59.04576005610804,92.86270509100513,49.91929876642544,67.27592130451286
Greenland,GRL,2024.0,11.079819,71037.54,70.055,12.537155,,,73.51702041418821,53.75779061514322,49.37582144838157,99.9999408639134,,,49.37582144838157,86.7584806390508,53.75779061514322,63.29736423419187
Grenada,GRD,2024.0,3.2159822,17742.176,75.2052,3422.0989,4.94846,,92.40527171758075,13.705528672531615,65.35414179209718,99.98385841629063,15.571700981030524,,40.46292138656385,96.1945650669357,13.705528672531615,50.12100504201038
Guadeloupe,,,,,82.0503,25272.496,,,,,86.59083174292776,99.8807930098897,,,86.59083174292776,99.8807930098897,,93.23581237640873
Guam,,,,,77.2093,0.0,,5.586,,,71.57179388344129,100.0,,84.22886152768862,71.57179388344129,100.0,84.22886152768862,85.2668851370433
Guatemala,GTM,2024.0,1.0800844,12640.887,72.6023,214867.83,7.44099,2.219,97.53551226437887,9.871833807947088,57.27873306570647,98.98649712771416,27.17277223044697,93.95439691894731,42.22575264807672,98.26100469604651,51.9131153634472,64.13329090252348
Guernsey,,,,,83.2744,,,,,,90.38856036176634,,,,90.38856036176634,,,90.38856036176634
Guinea,GIN,2024.0,0.27287328,4028.4834,60.7405,56241.582,3.95848,5.23,99.47436309219017,3.3994838875545508,20.477901980877522,99.7347159651638,10.964001769587819,85.25716286397852,15.720951875232672,99.60453952867698,44.32832337576654,53.217938259892065
Guinea-Bissau,GNB,2024.0,0.15544437,2685.6174,64.0849,9085.632,8.11358,2.622,99.75641710968497,2.3903000346057826,30.853789239143737,99.9571442866597,30.30323184844355,92.79033669837195,30.57851054379364,99.85678069817234,47.590318366488866,59.34186986948495
Guyana,GUY,2024.0,5.4269924,70297.41,70.1802,38237.35,3.00637,10.165,87.09461772588496,53.201571867268925,49.7642501903786,99.81963952419682,6.5325622493887066,71.00248001400479,28.14840621988365,93.4571286250409,62.10202594063686,61.23585359518714
Haiti,HTI,2024.0,0.2523404,2800.6611,64.9356,49732.7,3.20849,15.058,99.52368128218903,2.4767570931830956,33.49305705716997,99.76541749271387,7.473296571917242,56.86911361381805,20.483176814543604,99.64454938745145,29.672935353500574,49.933553851831874
Honduras,HND,2024.0,1.187437,6585.8555,72.8842,134444.98,8.2821,6.061,97.27766066617778,5.32138721171473,58.15331822839793,99.36584097584822,31.087580492974062,82.85683025033553,44.620449360685996,98.321750821013,44.089108731025135,62.3437696375747
Hong Kong,HKG,2024.0,4.4941745,66171.36,85.5106,677510.1,,2.793,89.33516510289854,50.10078367510436,97.32629480948037,96.8042752963407,,92.29640543852483,97.32629480948037,93.06972019961962,71.1985945568146,87.1982031886382
Hungary,HUN,2024.0,4.135669,40702.152,77.024,93676.29,6.68982,4.434,90.19626409946576,30.96029351376764,70.9969069354217,99.55814144453322,23.676574916703842,87.55639843613234,47.336740926062774,94.87720277199949,59.25834597494999,67.15742989100409
Iceland,ISL,2024.0,9.666935,65645.09,82.6911,22292.537,9.28594,3.107,76.91064476490496,49.70528391094967,88.57889194957085,99.89484907871021,35.75978879659095,91.38942055202195,62.1693403730809,88.40274692180759,70.5473522314858,73.70647984212476
India,IND,2024.0,2.2009783,9817.071,72.0026,9561570.0,3.30588,4.202,94.84322271080627,7.7496939139454675,55.41818421126854,54.89935064470989,7.926582321328752,88.22652739686059,31.672383266298645,74.87128667775808,47.98811065540303,51.51059353315325
Indonesia,IDN,2024.0,2.8650963,14470.4375,71.1457,5514453.5,2.69395,3.3,93.24806909837291,11.246768330642833,52.75968110410185,73.98905894224983,5.078454704146449,90.83194258038164,28.91906790412415,83.61856402031137,51.039355455512236,54.525662459982584
Iran,IRN,2024.0,8.656227,16224.035,77.6545,1738130.2,5.34889,9.192,79.33827738036683,12.564623039579784,72.9530117423637,91.8014718624619,17.435436607243176,73.81297776740386,45.19422417480344,85.56987462141436,43.188800403491825,57.98429973323655
Iraq,IRQ,2024.0,5.074398,12725.043,72.3242,858060.75,4.29332,15.524,87.9415187749211,9.935078298706967,56.41593727377854,95.95264198125545,12.52245952020851,55.52307871856218,34.46919839699353,91.94708037808827,32.72907850863457,53.04845242790545
Ireland,IRL,2024.0,6.3388243,115337.164,82.4118,89993.6,6.11979,4.369,84.90447689365789,87.04961960813412,87.71237319845442,99.57551220167606,21.02346396345359,87.74415008461224,54.367918580954004,92.23999454766698,87.39688484637318,78.00159932499805
Isle of Man,,,,,80.999,,,,,,83.32920924722892,,,,83.32920924722892,,,83.32920924722892
Israel,ISR,2024.0,5.6074414,47338.844,82.408,425057.0,7.34162,3.15,86.6611949392567,35.94786666208941,87.70058382769093,97.99506287011322,26.710270896439145,91.26521561533524,57.20542736206504,92.32812890468496,63.60654113871232,71.0466991351541
Italy,ITA,2024.0,5.087886,53115.137,83.7157,748652.1,9.02753,6.778,87.90912177329713,40.288837112976545,91.75767860332621,96.46870797879411,34.5570619200592,80.78578514325729,63.157370261692705,92.18891487604563,60.53731112811691,71.96119875528508
Jamaica,JAM,2024.0,2.9592197,10259.995,71.4789,79289.99,7.77706,4.885,93.02199288672904,8.082557914436567,53.79342277210036,99.62599970126512,28.736954813922942,86.25369084437183,41.265188793011646,96.32399629399708,47.1681243794042,61.58576982213764
Japan,JPN,2024.0,7.7724743,46097.43,84.7123,2072215.6,11.42184,2.563,81.46097441899963,35.01492550219368,94.84959620935065,90.22563562634984,45.700984321470735,92.96075742545369,70.27529026541069,85.84330502267474,63.987841463823685,73.36881225063637
Jersey,,,,,79.7071,,,,,,79.32113343424182,,,,79.32113343424182,,,79.32113343424182
Jordan,JOR,2024.0,2.009813,9520.251,77.8145,100010.1,6.8282,17.996,95.30238511698546,7.52662925132667,73.44940630082638,99.52826570823751,24.320641884601617,48.382739102526706,48.885024092714,97.41532541261148,27.954684176926687,58.08501122741739
Kazakhstan,KAZ,2024.0,13.937352,35905.44,74.4021,928517.9,3.74027,4.794,66.65347494847646,27.355492813142565,62.862551355213576,95.62030500974105,9.948379186375114,86.51654315224368,36.405465270794345,81.13688997910876,56.93601798269312,58.15945774419874
Kenya,KEN,2024.0,0.37611777,5823.4077,63.6459,208068.83,4.32604,5.434,99.22637881652328,4.7483963038532515,29.491806669361736,99.01856710314358,12.674749382830388,84.66791153644162,21.08327802609606,99.12247295983343,44.70815392014744,54.97130163535898
Kiribati,KIR,2024.0,0.5386222,3257.1362,66.4731,594.77246,10.49855,,98.8360573246334,2.8198049476921634,38.263098517397324,99.99719453769991,41.403682754840155,,39.833390636118736,99.41662593116666,2.8198049476921634,47.35660717165919
Kosovo,OWID_KOS,2024.0,4.777991,16380.868,78.0326,19730.014,,,88.65346258129365,12.68248538117568,74.12605413333084,99.90693615764054,,,74.12605413333084,94.2801993694671,12.68248538117568,60.36291296132453
Kuwait,KWT,2024.0,26.24753,45426.945,80.4047,376851.53,4.26876,2.144,37.085499217660924,34.51104601187644,81.48541370913914,98.22244163735301,12.408149036529013,94.17103343642411,46.946781372834074,67.65397042750698,64.34103972415028,59.64726384149711
Kyrgyzstan,KGZ,2024.0,1.6379259,7046.31,71.677,70958.71,4.92259,3.289,96.1956255516407,5.667425644750937,54.408021284797,99.66529723691677,15.451293317643358,90.86371593627823,34.92965730122018,97.93046139427874,48.26557079051458,60.375229828671166
Laos,LAO,2024.0,3.140345,8610.901,68.9637,143984.7,2.01825,1.218,92.58694568638501,6.843239146372816,45.99010031306703,99.32084339002625,1.9335201022637472,96.84577230553772,23.96181020766539,95.95389453820563,51.844505725955266,57.25340349060877
Latvia,LVA,2024.0,3.4520962,38936.047,76.1898,46182.457,7.62168,6.72,91.83814644760449,29.633039231797518,68.40882980623692,99.78216351503751,28.01376413989522,80.95331738343934,48.21129697306607,95.810154981321,55.29317830761843,66.43821008733518
Lebanon,LBN,2024.0,2.6955004,11330.269,77.817,120721.84,5.735,11.543,93.65542368376119,8.886884808580055,73.45716246580234,99.43057119538261,19.23252214688049,67.02214506623096,46.34484230634142,96.5429974395719,37.954514937405506,60.28078489443961
Lesotho,LSO,2024.0,1.100255,2637.9165,57.3749,12414.488,12.65128,16.147,97.48706423939694,2.354452095905179,10.036242443615023,99.94144251726301,51.42321074878858,53.72355138005486,30.7297265962018,98.71425337832997,28.03900173798002,52.49432723750393
Liberia,LBR,2024.0,0.15310843,1658.26,62.1625,23683.662,13.47386,2.882,99.76202783417885,1.6182256062656286,24.889608619214613,99.88828732778077,55.25177417163403,92.03933010445235,40.07069139542432,99.8251575809798,46.828777855358986,62.241542277254375
Libya,LBY,2024.0,8.841596,12275.91,69.3389,250086.66,4.65006,18.615,78.89303718211417,9.597548141992567,47.154145552662,98.82037460782114,14.182847221667199,46.594765711618145,30.668496387164602,88.85670589496766,28.096156926805357,49.207119736312535
Liechtenstein,LIE,2024.0,3.2992606,,83.6298,0.8412923,,,92.2052442516821,,91.49117677475158,99.99999603173652,,,91.49117677475158,96.10262014170931,,93.79689845823044
Lithuania,LTU,2024.0,4.386505,47169.008,76.025,62114.36,7.24335,7.504,89.59377786730772,35.820232371810704,67.89754341102035,99.70701485527081,26.252889331651502,78.68874365408182,47.07521637133593,94.65039636128927,57.25448801294626,66.32670024852382
Luxembourg,LUX,2024.0,10.459649,128181.7,82.2294,24886.748,5.55155,5.935,75.00661475709535,96.70248022849323,87.14648340180695,99.88261253171378,18.378684271025254,83.22077959969657,52.7625838364161,87.44461364440457,89.9616299140949,76.72294246497187
Macao,MAC,2024.0,1.4665723,112843.96,83.0749,6330.0796,,2.437,96.60720197938917,85.17593956939066,89.76961839668319,99.97014185950313,,93.32470677481473,89.76961839668319,98.28867191944616,89.2503231721027,92.43620449607734
Madagascar,MDG,2024.0,0.14166704,1657.0497,63.6317,77422.87,3.25023,3.012,99.78950905677749,1.61731604774138,29.447751652298184,99.63480665707094,7.667568542144539,91.66382680749255,18.557660097221362,99.71215785692422,46.64057142761697,54.97012979392085
Malawi,MWI,2024.0,0.08688312,1635.8569,67.3535,33528.547,6.50024,5.045,99.92109526267954,1.601389342054608,40.994509575338206,99.84185031938904,22.79420596328528,85.79153294042132,31.894357769311743,99.8814727910343,43.69646114123796,58.490763900528
Malaysia,MYS,2024.0,8.16206,34071.945,76.6571,900939.56,3.90592,3.826,80.52522348812984,25.97759393979086,69.85861216354697,95.7503883582017,10.719369887576637,89.31259847114431,40.2889910255618,88.13780592316577,57.64509620546759,62.02396438473172
Maldives,MDV,2024.0,4.3694687,23351.055,81.0412,12723.364,9.65276,4.636,89.63469757658754,17.920685002309447,83.46013331202349,99.9399855904016,37.46709220144905,86.97292408239481,60.46361275673627,94.78734158349457,52.446804542352126,69.23258629419432
Mali,MLI,2024.0,0.2850997,2910.8154,60.4394,62917.832,3.67285,3.06,99.44499629588269,2.5595396946436098,19.54374947117057,99.70322498509898,9.634583876535048,91.52517943630741,14.589166673852809,99.57411064049083,47.04235956547551,53.73521229327306
Malta,MLT,2024.0,3.2037206,60469.78,83.2989,159321.77,9.52377,2.703,92.43472301318516,45.81596115945823,90.46457077853096,99.24850047811874,36.86672944534893,92.55636925949699,63.66565011193994,95.84161174565196,69.18616520947761,76.23114235568984
Marshall Islands,MHL,2024.0,4.1115723,7212.3345,66.9454,384.7903,11.73604,,90.25414227480918,5.7921955358598725,39.72839320465936,99.99818499551898,47.16337658417836,,43.44588489441886,95.12616363516409,5.7921955358598725,48.12141468848094
Martinique,,,,,82.5651,28568.229,,,,,88.18798123478146,99.86524747726256,,,88.18798123478146,99.86524747726256,,94.02661435602201
Mauritania,MRT,2024.0,1.0134012,6396.991,68.4836,45788.5,4.4839,10.373,97.6956795047919,5.179452719520242,44.50060639107993,99.78402175761882,13.409482809281778,70.40167473886912,28.95504460018085,98.73985063120536,37.79056372919468,55.16181965352697
Mauritius,MUS,2024.0,3.6766226,27317.186,74.9263,95999.42,5.82382,5.476,91.29885358391662,20.901291677792745,64.4888640273769,99.5471835504283,19.645920239731197,84.5465950866546,42.06739213355405,95.42301856717246,52.72394338222367,63.404784694316724
Mayotte,,,,,76.0544,,,,,,67.98875591113786,,,,67.98875591113786,,,67.98875591113786
Mexico,MEX,2024.0,3.5227275,22033.275,75.069,1227595.0,5.72145,2.711,91.66849621474547,16.930353652987307,64.93158592420582,94.2095982516148,19.169455898759264,92.53326136429948,42.05052091148254,92.93904723318013,54.73180750864339,63.24045855110202
Micronesia (country),FSM,2024.0,1.3309593,3823.604,67.1983,795.1888,10.3447,,96.93293259780778,3.2455139588484614,40.51300685362943,99.99624920057688,40.68761321436413,,40.60031003399678,98.46459089919233,3.2455139588484614,47.43680496401252
Moldova,MDA,2024.0,1.7551568,16465.928,71.1985,34168.332,6.96505,1.434,95.91404713692552,12.746409241435618,52.9234913083945,99.8388325389463,24.957587718947703,96.22185913520453,38.940539513671105,97.87643983793592,54.48413418832007,63.76703784664236
Monaco,,,,,86.3724,,3.3978,,,,100.0,,8.354408854709035,,54.17720442735452,,,54.17720442735452
Mongolia,MNG,2024.0,12.859549,16801.307,71.7341,162877.2,8.8517,5.424,69.24226391209666,12.99845156838269,54.58517209284834,99.23172998940849,33.73869008189279,84.69679640543853,44.16193108737056,84.23699695075257,48.84762398691061,59.082184008344576
Montenegro,MNE,2024.0,3.7217364,27852.041,77.0869,6414.1924,10.92242,14.1,91.1904941642945,21.303243197653188,71.19205204621734,99.9697451106534,43.376516008799044,59.636284063721774,57.28428402750819,95.58011963747396,40.46976363068748,64.44472243188987
Montserrat,MSR,2024.0,6.0215225,,76.1857,345.43182,,,85.66660819035758,,68.39610969567629,99.99837064421534,,,68.39610969567629,92.83248941728647,,80.61429955648137
Morocco,MAR,2024.0,1.813556,9065.914,75.3128,251040.47,5.68049,8.943,95.77377734323943,7.185188210897332,65.68796713266332,98.81587561337132,18.978814310342635,74.53221100542686,42.33339072150298,97.29482647830537,40.8586996081621,60.16230560265681
Mozambique,MOZ,2024.0,0.24869162,1495.3224,63.6111,93011.58,8.77718,3.527,99.53244533405628,1.4957755666055097,29.38384085289611,99.56127679287381,33.39184898890434,90.17625605415184,31.38784492090023,99.54686106346504,45.836015810378676,58.92357393158132
Myanmar,MMR,2024.0,0.5798787,5276.2944,66.889,549615.7,5.20476,3.032,98.73696280376308,4.337232488481117,39.553414122801236,97.40753610904252,16.764607209330862,91.60605706949875,28.15901066606605,98.0722494564028,47.97164477898993,58.067634967152934
Namibia,NAM,2024.0,1.1448735,10281.336,67.3848,26104.457,9.29636,19.148,97.37989448724994,8.098595994636511,41.091616760837475,99.87686876090775,35.80828697411296,45.05520219408299,38.44995186747522,98.62838162407886,26.57689909435975,54.551744195304614
Nauru,NRU,2024.0,5.129512,12604.0625,62.1094,,18.17031,,87.80913974559851,9.844159646271304,24.72486767512481,,77.11062885716314,,50.917748266143974,87.80913974559851,9.844159646271304,49.52368255267126
Nepal,NPL,2024.0,0.6332349,5046.816,70.3537,226904.31,6.65589,10.706,98.60880585699199,4.16477604392111,50.302528039711575,98.92972265825445,23.51865330793978,69.4398086012721,36.91059067382568,98.76926425762322,36.80229232259661,57.49404908468184
Netherlands,NLD,2024.0,6.29691,70901.836,82.1576,1085118.9,10.10068,3.599,85.00515139285474,53.65580703258132,86.92372634369683,94.88163899676537,39.55186222790354,89.9682849973741,63.237794285800184,89.94339519481005,71.81204601497771,74.99774516519598
New Caledonia,NCL,2024.0,18.0644,,78.7658,23357.668,,11.15,56.74066498716552,,76.40078219748607,99.88982499796317,,68.15732041780942,76.40078219748607,78.31524499256435,68.15732041780942,74.2911158692866
New Zealand,NZL,2024.0,6.229343,48162.86,82.088,192144.23,10.02858,4.869,85.16744144391689,36.567126991691495,86.70779471076554,99.09368131563413,39.216284627199464,86.29990663476688,62.9620396689825,92.13056137977551,61.43351681322919,72.1753726206624
Nicaragua,NIC,2024.0,0.8140884,7661.602,74.9468,54155.45,8.95365,4.574,98.17441149658282,6.129826771332854,64.55246458017993,99.7445559713386,34.21319960188975,87.15201027017565,49.38283209103484,98.95948373396071,46.640918520754255,64.99441144858326
Niger,NER,2024.0,0.11726506,1772.7245,61.1833,42445.99,4.3526,0.355,99.84812048810072,1.7042473873933468,21.851673921423007,99.79978793111088,12.798368537819295,99.33853649997083,17.32502122962115,99.8239542096058,50.52139194368209,55.89012246096968
Nigeria,NGA,2024.0,0.5837386,5665.4517,54.4623,1020357.7,4.2709,2.989,98.72769166003766,4.629690010986819,1.0,95.18710893245876,12.418109314830076,91.73026200618544,6.709054657415038,96.95740029624821,48.17997600858613,50.61547698741646
Niue,NIU,2024.0,4.142857,,69.9778,38.666748,18.28817,,90.17899914931208,,49.13631107392331,99.99981761411115,77.65918885742641,,63.39774996567486,95.08940838171162,,79.24357917369323
North Korea,PRK,2024.0,2.3604918,,73.6418,164936.7,,2.859,94.46008517236147,,60.50374646271871,99.2220156028227,,92.10576530314523,60.50374646271871,96.84105038759208,92.10576530314523,83.15018738448533
North Macedonia,MKD,2024.0,3.6311553,24463.984,77.3947,19647.209,7.62041,13.417,91.40806207976011,18.757067765949618,72.14699107805993,99.90732673777224,28.00785313361375,61.60912061621054,50.07742210583684,95.65769440876618,40.18309419108008,61.972736901894365
Northern Mariana Islands,,,,,78.8075,,,,,,76.53015502928542,,,,76.53015502928542,,,76.53015502928542
Norway,NOR,2024.0,6.667616,91108.234,83.3078,200482.61,7.94803,3.97,84.11474785756323,68.84121688572847,90.49218272584542,99.05435029023023,29.532706580807492,88.89665635758884,60.012444653326455,91.58454907389674,78.86893662165866,76.82197678296062
Oman,OMN,2024.0,15.651107,36654.23,80.0305,337487.2,2.91622,3.161,62.53718465205965,27.91821968034265,80.32447093553453,98.40811792738026,6.112973890117247,91.23344225943865,43.21872241282589,80.47265128971995,59.575830969890646,61.0890682241455
Pakistan,PAK,2024.0,0.71556884,5530.996,67.649,1679095.1,2.90434,5.472,98.41104690178092,4.528644544516654,41.91128827549899,92.07993254880884,6.057680382539377,84.55814903425338,23.984484329019182,95.24548972529487,44.543396789385014,54.59112361456636
Palau,PLW,2024.0,12.760258,15796.535,69.269,7531.5083,14.28556,,69.48075224900685,12.243350405425968,46.937283179933644,99.96447488069902,59.02969842255632,,52.98349080124498,84.72261356485294,12.243350405425968,49.98315159050796
Palestine,PSE,2024.0,0.86981934,3845.503,65.1703,0.0,9.73336,24.42,98.04055063109611,3.2619713843814075,34.22120582511493,100.0,37.842231655218086,29.827099258913464,36.03171874016651,99.02027531554805,16.544535321647437,50.532176459120656
Panama,PAN,2024.0,2.8046095,36426.008,79.5937,320577.4,8.46561,6.518,93.3933531254954,27.746707439145332,78.9693137909314,98.48787919676052,31.94169762896858,81.53679173717687,55.45550570994999,95.94061616112796,54.641749588161105,68.67929048641302
Papua New Guinea,PNG,2024.0,0.7890545,4300.726,66.134,61832.81,2.61825,2.741,98.23454074472592,3.6040782670419977,37.21105230005547,99.70834288903787,4.7261214950854455,92.44660675730874,20.968586897570457,98.97144181688189,48.02534251217537,55.98845707554258
Paraguay,PRY,2024.0,1.1454097,16296.283,73.8443,104783.87,7.73804,6.093,97.37860658153592,12.618918490509245,61.131995825773046,99.50574847237846,28.555342636676446,82.76439866954543,44.843669231224744,98.44217752695718,47.69165858002734,63.65916844606975
Peru,PER,2024.0,2.0529242,15661.75,77.7401,319740.25,6.09309,4.828,95.19883576820055,12.142057465088138,73.21858283114123,98.4918279215628,20.899193201473025,86.4183345976542,47.05888801630713,96.84533184488168,49.28019603137117,64.39480529752
Philippines,PHL,2024.0,1.5096035,10375.94,69.8327,711502.56,5.15676,2.153,96.50384478363881,8.169692313423617,48.68614325871747,96.64393740003459,16.541199097905125,94.14503705432689,32.6136711783113,96.5738910918367,51.15736468387526,60.11497565134109
Poland,POL,2024.0,7.0801096,45112.598,78.6329,554687.5,6.39626,2.472,83.12397414544334,34.2748095470148,75.98846446736302,97.38361310545628,22.31024814190928,93.22360973332555,49.14935630463615,90.25379362544982,63.74920964017017,67.71745319008538
Portugal,PRT,2024.0,3.4089074,41883.85,82.3599,187940.03,10.46883,6.384,91.9418821848329,31.848357207882948,87.55135521355307,99.11351196583273,41.26535589918239,81.92384898173543,64.40835555636772,95.52769707533281,56.88610309480919,72.27405190883657
Puerto Rico,,,,44124.54,81.6902,27455.238,,5.472,,33.532269204659826,85.47363373978773,99.87049730724097,,84.55814903425338,85.47363373978773,99.87049730724097,59.0452091194566,81.46311338882843
Qatar,QAT,2024.0,41.27118,110945.88,82.368,223568.8,2.18112,0.126,1.0,83.7495041040464,87.57648518807524,98.94545581368091,2.6915717503451964,100.0,45.134028469210214,49.972727906840454,91.8747520520232,62.32716947602463
Reunion,,,,,83.5472,34888.344,,,,,91.23491308394523,99.83543633845376,,,91.23491308394523,99.83543633845376,,95.53517471119949
Romania,ROU,2024.0,3.605104,40608.418,75.9381,198246.66,5.74901,5.379,91.47063503412001,30.889851012972844,67.62793911645531,99.06489696791245,19.297729389402875,84.82677831592461,43.46283425292909,95.26776600101623,57.85831466444873,65.52963830613135
Russia,RUS,2024.0,12.294705,41704.71,73.1541,4847877.5,6.91986,2.527,70.59897002013967,31.713730822661162,58.99067379920464,77.13320895575723,24.747258290711684,93.06474295384257,41.868966044958164,73.86608948794844,62.389236888251865,59.37476414038616
Rwanda,RWA,2024.0,0.14263947,3264.6445,67.7852,19507.139,7.87921,11.994,99.78717336458523,2.825447547268812,42.33384414339035,99.90798742926486,29.21239520105084,65.71943747447045,35.773119672220595,99.84758039692505,34.27244251086963,56.63104752667176
Saint Barthelemy,,,,,84.2901,,,,,,93.53973506820724,,,,93.53973506820724,,,93.53973506820724
Saint Helena,SHN,2024.0,2.1647663,,76.7869,,,,94.9302007818922,,70.26131224909983,,,,70.26131224909983,94.9302007818922,,82.59575651549602
Saint Kitts and Nevis,KNA,2024.0,5.542429,31270.69,72.1447,3608.4487,5.56802,,86.81734906354329,23.872408974208295,55.8590446285032,99.9829794291591,18.455341179258205,,37.1571929038807,93.4001642463512,23.872408974208295,51.47658870814673
Saint Lucia,LCA,2024.0,2.9869597,24252.469,72.6968,5824.874,5.01938,10.928,92.95536382200123,18.59811108474951,57.57191610179848,99.9725248468805,15.901786465662047,68.79856450954075,36.73685128373026,96.46394433444087,43.69833779714513,58.966377805105424
Saint Martin (French part),,,,,80.2238,,,,,,80.92417761147723,,,,80.92417761147723,,,80.92417761147723
Saint Pierre and Miquelon,SPM,2024.0,9.788039,,76.7578,774.3864,,,76.61976350121367,,70.17103048877942,99.99634732272087,,,70.17103048877942,88.30805541196727,,79.23954295037335
Saint Vincent and the Grenadines,VCT,2024.0,2.5405643,18714.2,71.2301,2822.424,4.68768,18.056,94.02756670595203,14.436019224439754,53.021529233690885,99.98668700274578,14.357943328997122,48.20942988854526,33.689736281344004,97.00712685434891,31.322724556492506,54.00652923072848
Samoa,WSM,2024.0,1.1263857,6894.8896,71.6982,1763.1222,6.30121,4.551,97.42430057315026,5.553630952885149,54.47379356379328,99.99168358793455,21.86785353792978,87.21844546886854,38.17082355086153,98.7079920805424,46.38603821087684,61.088284614093595
San Marino,,,,70887.57,85.7062,,7.4065,,,53.64508592053727,97.933137157201,,27.012244193716267,,62.47269067545864,,53.64508592053727,58.05888829799795
Sao Tome and Principe,STP,2024.0,0.6019113,5480.435,69.7182,2506.335,7.4642,9.17,98.68404241690216,4.490647197954195,48.33091090281759,99.98817795236536,27.28079936099262,73.87652447919706,37.805855131905105,99.33611018463375,39.183585838575624,58.775183718371494
Saudi Arabia,SAU,2024.0,20.379194,62676.7,78.7321,2691335.8,4.62462,3.896,51.180731344139616,47.4744944969243,76.29622909360987,87.30532828676262,14.064440922611562,89.11040438816596,45.18033500811072,69.24302981545111,68.29244944254513,60.90527142203566
Senegal,SEN,2024.0,0.76163954,4495.895,68.6829,96959.11,4.06358,2.992,98.30038909167438,3.750750685135954,45.11892786296503,99.54265682080339,11.453172446897085,91.72159654548638,28.286050154931058,98.92152295623887,47.736173615311166,58.31458224216036
Serbia,SRB,2024.0,6.237839,26884.463,76.7693,94884.125,9.65743,7.39,85.14703479164841,20.57609388114025,70.20670884766892,99.55244424806716,37.488827948956505,79.01803116064656,53.84776839831271,92.34973951985779,49.797062520893405,65.33152347968797
Seychelles,SYC,2024.0,5.002998,29241.775,72.862,17214.035,4.23752,,88.11301535825078,22.347649052514285,58.0844434834112,99.91880369473583,12.262747590676094,,35.173595537043646,94.0159095264933,22.347649052514285,50.51238470535041
Sierra Leone,SLE,2024.0,0.165966,3092.8306,61.7858,24281.555,7.94752,3.126,99.73114507052448,2.6963268356027523,23.72090968063404,99.88546714631005,29.530332869623592,91.33453930092782,26.625621275128815,99.80830610841727,47.01543306826528,57.816453483937124
Singapore,SGP,2024.0,9.244836,132569.53,83.7362,4026095.0,4.89703,3.182,77.92448981149985,100.0,91.82127915612924,81.00944731188636,15.332328498309158,91.17278403454513,53.576803827219194,79.46696856169311,95.58639201727257,76.21005480206163
Sint Maarten (Dutch part),SXM,2024.0,16.546274,45821.81,76.371,11017.365,,,60.38707145864953,34.80779295616917,68.97099664369587,99.94803255995781,,,68.97099664369587,80.16755200930368,34.80779295616917,61.31544720305624
Slovakia,SVK,2024.0,5.282773,40346.574,78.3414,52425.062,7.73064,5.234,87.44102016775972,30.6930713366749,75.08409563116378,99.75271798055222,28.520900552831645,85.24560891637977,51.80249809199771,93.59686907415596,57.969340126527335,67.78956909756033
Slovenia,SVN,2024.0,6.0184274,48495.89,81.6034,30359.713,9.60508,3.357,85.67404235107276,36.81740401005932,85.2043396918217,99.8567972863724,37.24517347743281,90.66729882709926,61.22475658462726,92.76541981872258,63.74235141857929,72.57750927397637
Solomon Islands,SLB,2024.0,0.3596751,2527.075,70.5277,1763.5316,4.82369,1.47,99.26587267822941,2.2711530533822315,50.84235712203972,99.9916816568494,14.990979521393253,96.11787360681566,32.916668321716486,99.6287771675394,49.19451333009895,60.57998627311827
Somalia,SOM,2024.0,0.06939735,1408.2783,58.8158,34660.99,2.62183,18.861,99.96309455976481,1.430360625565631,14.506585689170524,99.83650873692321,4.742784016729281,45.88419793429422,9.624684852949903,99.89980164834401,23.657279279929927,44.393921927074615
South Africa,ZAF,2024.0,6.8715796,13598.789,66.1387,1859645.1,8.77087,33.168,83.62484504910915,10.59171146596161,37.22563389021031,91.22830229968683,33.362480130923174,4.558615860418968,35.294057010566746,87.42657367439799,7.575163663190289,43.43193144938501
South Korea,KOR,2024.0,11.285893,50414.207,84.3288,1632434.9,9.43414,2.604,73.02204860868287,38.25904788311674,93.65980050203541,92.30002248373039,36.44956134061791,92.84232946256637,65.05468092132666,82.66103554620662,65.55068867284156,71.08880171345828
South Sudan,SSD,2024.0,0.14196548,,57.6174,35475.008,6.76126,12.477,99.78879222988212,,10.788590446285045,99.83266912267712,24.009080655875813,64.32429830191981,17.39883555108043,99.81073067627962,64.32429830191981,60.511288176426625
Spain,ESP,2024.0,4.599015,48373.047,83.6703,1154897.8,9.73829,11.394,89.0833473501734,36.72508566105965,91.61682664736243,94.55250123996416,37.865177529995776,67.45252961428488,64.7410020886791,91.81792429506878,52.08880763767227,69.54924467380671
Sri Lanka,LKA,2024.0,0.90139973,13752.837,77.4828,314145.6,4.3627,4.996,97.96469728396418,10.707480838467172,72.42031833181343,98.51821713880595,12.845377327931795,85.93306879850616,42.63284782987262,98.24145721138507,48.320274818486666,63.06485995324812
Sudan,SDN,2024.0,0.35272878,1871.5891,66.331,297518.12,4.61874,7.53,99.28255713406575,1.7785456107069453,37.82223810016266,98.59664674243193,14.037073428961907,78.61364299468985,25.929655764562284,98.93960193824884,40.1960943026984,55.0217840018365
Suriname,SUR,2024.0,4.7093143,19413.297,73.631,25681.145,5.91761,7.325,88.8184180351362,14.961401060039826,60.47023983002247,99.87886546710557,20.08245038078577,79.20578280912645,40.27634510540412,94.34864175112088,47.08359193458314,60.56952626370272
Sweden,SWE,2024.0,3.5916543,63258.906,83.2624,298545.8,10.49857,8.528,91.50294004247868,47.912031000410046,90.35133076988163,98.59179931305272,41.40377584155325,75.7309330687985,65.87755330571744,95.0473696777657,61.82148203460427,74.24880167269582
Switzerland,CHE,2024.0,3.5946856,82026.41,83.9536,64647.223,11.70653,4.11,91.49565912380855,62.01609052455573,92.49575526244041,99.69506767860129,47.026027139008086,88.49226819163214,69.76089120072425,95.59536340120492,75.25417935809394,80.20347798667437
Syria,SYR,2024.0,1.2879974,4189.8374,72.1201,143733.28,4.15099,12.962,97.03612334099198,3.5207438281656733,55.782723965139546,99.32202930460524,11.86000792647466,62.923382155569826,33.8213659458071,98.17907632279861,33.22206299186775,55.07416842015781
Taiwan,TWN,2024.0,11.301164,,80.5588,368369.25,,,72.98536899630153,,81.9635037182585,98.26245141984829,,,81.9635037182585,85.6239102080749,,83.7937069631667
Tajikistan,TJK,2024.0,1.0140533,4755.933,71.7901,96174.22,7.62917,11.635,97.69411321736908,3.9461731254636496,54.75891018831027,99.54635904216164,28.048625113948948,66.75640427145942,41.403767651129606,98.62023612976536,35.35128869846153,58.458430826452165
Tanzania,TZA,2024.0,0.29198244,3713.263,66.9953,175302.55,3.11196,2.576,99.42846455367055,3.1625910495498264,39.88320625757989,99.17312127206743,7.024013551168777,92.92320709575772,23.453609904374336,99.30079291286899,48.042899072653775,56.932433963299026
Thailand,THA,2024.0,3.7361188,21737.178,76.4115,1244982.1,5.35471,0.693,91.15594889174436,16.707832335665568,69.09664651630676,94.12758562184739,17.46252484075355,98.36222792787535,43.279585678530154,92.64176725679587,57.53503013177046,64.4854610223655
Togo,TGO,2024.0,0.28938687,2849.6038,62.7387,40028.934,6.04134,1.94,99.43469888681892,2.5135382631283587,26.677249522878345,99.81118886162,20.65833133134215,94.76028476396102,23.667790427110248,99.62294387421946,48.63691151354469,57.309215271624794
Tokelau,,,,,77.0512,2.5455093,,,,,71.08129401036034,99.99998799317243,,,71.08129401036034,99.99998799317243,,85.54064100176637
Tonga,TON,2024.0,1.464028,7075.556,72.8947,1092.4983,8.13608,2.192,96.61331316646152,5.689404450501725,58.185894121297025,99.994846831352,30.407954400674353,94.03238606523895,44.29692426098569,98.30407999890676,49.86089525787034,64.15396650592093
Trinidad and Tobago,TTO,2024.0,22.931944,31689.732,73.4896,51541.473,6.43106,4.546,45.04924810751709,24.187325295052933,60.031551138981065,99.75688575191855,22.472219022692943,87.23288790336699,41.251885080837006,72.40306692971782,55.71010659920996,56.45501953658826
Tunisia,TUN,2024.0,2.6605377,12713.55,76.5077,111408.766,6.9638,16.203,93.73940104502141,9.926441137574031,69.39510374458244,99.47449972227662,24.951769799379324,53.56179611367218,47.17343677198088,96.60695038364901,31.744118625623106,58.508168593751
Turkey,TUR,2024.0,5.865009,35294.395,77.1557,934731.5,3.70339,8.449,86.04253999000703,26.896283370484035,71.40550170635629,95.59099628796899,9.776727287429674,75.95912353387408,40.591114496892985,90.81676813898801,51.42770345217906,60.94519536268668
Turkmenistan,TKM,2024.0,10.808675,17953.846,70.0727,676310.94,5.37104,4.304,74.16828469416501,13.864601838546445,49.430735096411475,96.80993157398977,17.538530141994844,87.93190173309213,33.48463261920316,85.48910813407738,50.89825178581929,56.62399751303328
Turks and Caicos Islands,TCA,2024.0,8.136117,33390.527,78.0077,768.22546,,,80.58753631531923,25.465498136703555,74.04880273017008,99.99637638305244,,,74.04880273017008,90.29195634918582,25.465498136703555,63.268752405353155
Tuvalu,TUV,2024.0,1.1831627,5812.3994,67.1049,,18.3821,,97.28792716262213,4.7401234020086775,40.223236530126826,,78.09637060547266,,59.15980356779974,97.28792716262213,4.7401234020086775,53.72928471081019
Uganda,UGA,2024.0,0.12663798,2881.866,68.2523,136386.83,4.39089,2.941,99.8256075503441,2.5377837882221534,43.78300600750235,99.3566815286078,12.976583050037867,91.8689093773706,28.37979452877011,99.59114453947595,47.20334658279638,58.39142855034748
Ukraine,UKR,2024.0,3.7637882,16319.845,73.4225,391067.34,8.20275,9.834,91.08948940206953,12.636625685376922,59.823375671025794,98.1553875591931,30.718258958773397,71.95856917780242,45.270817314899595,94.62243848063132,42.29759743158967,60.730284409040195
United Arab Emirates,ARE,2024.0,20.131075,68584.66,82.9091,2059700.2,4.67551,2.133,51.776691578861985,51.914414664586005,89.25522953547622,90.2846690975205,14.301300064079387,94.20280679232071,51.7782647997778,71.03068033819125,73.05861072845336,65.28918528880747
United Kingdom,GBR,2024.0,4.5257993,52517.984,81.3015,833455.8,11.05088,4.111,89.25920508681332,39.84006771577688,84.26770520932246,96.06870024599174,43.97441196700217,88.48937970473244,64.12105858816231,92.66395266640254,64.16472371025466,73.64991165493983
United States,USA,2024.0,14.197287,75491.61,79.3043,9002181.0,16.49614,4.106,66.02913371055209,57.105090735857814,78.07146013331202,57.537913887169694,69.3184797341293,88.5038221392309,73.69496993372066,61.78352379886089,72.80445643754436,69.42765005670863
United States Virgin Islands,,,,46479.3,75.4724,1382.5325,,12.014,,35.30190650992308,66.18312070472983,99.99347877874608,,65.66166773647663,66.18312070472983,99.99347877874608,50.48178712319985,72.21946220222526
Uruguay,URY,2024.0,2.35437,32038.773,78.1385,83677.39,8.94532,8.401,94.47478920294729,24.449634819024123,74.4546052817133,99.60530492112113,34.174428985886074,76.09777090505924,54.31451713379968,97.0400470620342,50.27370286204168,67.2094223526252
Uzbekistan,UZB,2024.0,3.829127,10450.205,72.3884,390226.78,7.36325,4.488,90.93255129340201,8.225503569974338,56.61511559036168,98.1593523685102,26.810944176650366,87.40042014354904,41.713029883506024,94.54595183095611,47.81296185676169,61.35731452374128
Vanuatu,VUT,2024.0,0.6012429,3169.2324,71.4769,1501.9844,4.14743,5.064,98.68564785550576,2.7537439292637886,53.78721784011959,99.99291534007892,11.843438491543916,85.73665168932719,32.81532816583175,99.33928159779234,44.24519780929549,58.79993585763986
Vatican,,,,,82.9848,,,,,,89.49008621094892,,,,89.49008621094892,,,89.49008621094892
Venezuela,VEN,2024.0,4.085203,,72.5142,215493.11,4.55047,5.475,90.31747903748139,,57.00540581195297,98.98354776542023,13.719321933815342,84.5494835735543,35.36236387288415,94.65051340145081,84.5494835735543,71.52078694929641
Vietnam,VNM,2024.0,3.6730351,14415.216,74.5883,1200795.9,4.58892,1.431,91.3074704465594,11.205268548731897,63.44023052262451,94.33600602901302,13.898281139738668,96.2305245959036,38.66925583118159,92.8217382377862,53.71789657231775,61.73629688042851
Wallis and Futuna,WLF,2024.0,2.6991065,,78.6286,139.71788,,,93.64676214553786,,75.97512386360434,99.99934096941041,,,75.97512386360434,96.82305155747414,,86.39908771053925
Western Sahara,,,,,71.385,571.2269,,,,,53.5021012156026,99.99730559896344,,,53.5021012156026,99.99730559896344,,76.74970340728302
Yemen,YEM,2024.0,0.24944058,,69.2952,60162.22,6.18667,17.086,99.53064639734689,,47.018567788881874,99.71622283906765,21.334745932040118,51.011262181245264,34.176656860460994,99.62343461820727,51.011262181245264,61.60378455330451
Zambia,ZMB,2024.0,0.5650162,3716.0374,66.3487,57280.73,5.25592,5.961,98.77266123471178,3.1646760525818647,37.87715174819257,99.72981444275939,17.002723021425453,83.1456789403046,27.43993738480901,99.25123783873559,43.15517749644324,56.61545090666261
Zimbabwe,ZWE,2024.0,0.82366556,3450.1296,62.7748,74016.9,3.62881,8.554,98.15140799212902,2.964842369896377,26.78924854513148,99.650872162912,9.429606934301937,75.65583240940654,18.109427739716708,98.90114007752051,39.31033738965146,52.106968402296225
